benchmark,init_prod_time_L,init_prod_time_H,prod_discount_L,prod_discount_H,weight_L,weight_H,due_time_L,due_time_H,maint_len_L,maint_len_H
940.2531355714964,1272.6119730065018,2755.9526003120113,2256.758720015569,1415.6644042805021,928.0197870837972,2301.9272419962563,2231.565487562206,1210.6763078156582,880.9324796955625,627.850025513013
1071.7224221148208,1420.4717027514444,456.8625751737418,1949.6162512835654,209.0013577480786,877.3599991958472,1148.4017964807717,2381.292781612975,2032.1020860881865,1568.1429772682095,1312.1114382378946
1477.8189560638184,669.4303175732639,876.9760566573825,2090.824398015121,3002.9069669471646,1319.1006941619708,1896.5725780870298,1995.8579956258318,2212.643688727818,1123.3873238065178,1234.9437102533857
1245.7646166671784,1368.1693171813579,952.805747342507,2487.4854543467736,2974.572476628088,1255.7348901274454,2428.355885265184,1256.0094469816295,377.9556683304545,646.6555726930455,613.5138288475282
1836.216964227182,1514.6475928590091,1018.4497346671661,2230.859659641069,2027.9810412517934,2078.6346664093794,2012.526899069293,3550.0894772049946,1085.9322855651844,1727.0391235270872,844.2809999456731
