benchmark,init_prod_time_L,init_prod_time_H,prod_discount_L,prod_discount_H,weight_L,weight_H,due_time_L,due_time_H,maint_len_L,maint_len_H
18.823220014572144,300.08112382888794,300.0774598121643,300.1129231452942,155.51676988601685,300.09016609191895,300.0967869758606,300.0394968986511,2.809880018234253,2.8454701900482178,2.453634023666382
162.05964398384094,300.0897789001465,1.7792949676513672,300.02929186820984,1.172316074371338,300.0312750339508,74.899080991745,300.03302121162415,300.10170006752014,300.0282220840454,42.186317920684814
300.022873878479,4.274847984313965,300.01606011390686,300.01655888557434,154.86472296714783,27.766777992248535,300.0377390384674,300.1010739803314,78.33995795249939,300.06331491470337,300.117919921875
300.06753301620483,39.93067479133606,6.283361911773682,70.70839095115662,300.3072519302368,72.9600760936737,300.1183760166168,300.0269899368286,1.0144169330596924,2.0595791339874268,1.7252070903778076
300.0438640117645,300.0393810272217,300.0199258327484,300.13763999938965,300.10819482803345,300.0339150428772,300.0715811252594,300.01275610923767,4.727319955825806,153.18803787231445,21.88357710838318
