benchmark,init_prod_time_L,init_prod_time_H,prod_discount_L,prod_discount_H,weight_L,weight_H,due_time_L,due_time_H,maint_len_L,maint_len_H
0.007517037087589206,0.4630282286878816,0.6906637126058712,0.6302016609190136,0.006385072320577486,0.44185548664259033,0.49892160868571367,0.7609009834168724,0.0038477727051111133,0.0,0.0
0.0,0.4490413759460706,0.0,0.6238238138273083,0.0,0.6673663784834597,0.0,0.7502122589859928,0.5372815300712134,0.3110582733915759,0.0
0.6736243120882144,0.0,0.7790475062216617,0.6948223234581682,0.0,0.0,0.559213993772703,0.7619054026742128,0.0,0.5670357852408939,0.6987488586506981
0.4785804315917977,0.007021772607891921,0.0038528328073671554,0.0,0.6228623766273661,0.0,0.6410540346378193,0.884957921274178,0.0,0.0,0.0
0.7122902530712899,0.3826773051326039,0.8418758112118978,0.7084044136123742,0.47236599180475886,0.5175499897821483,0.5011050659480906,0.7585109961946354,0.0,0.0,0.0
