benchmark,init_prod_time_L,init_prod_time_H,prod_discount_L,prod_discount_H,weight_L,weight_H,due_time_L,due_time_H,maint_len_L,maint_len_H
947.3745854662859,2369.9792819589165,8909.244445675466,6102.674029375064,1424.7616102012194,1662.6872877446644,4593.946340329096,9333.227377731002,1215.352708795645,880.9324796955669,627.8500255130231
1071.722422114828,2578.182173281318,456.86257517373537,5182.721083754495,209.00135774809368,2637.6167123329124,1148.401796480776,9533.265211279686,4391.659763226939,2276.161998472622,1312.1114382379005
4527.968873904758,669.4303175732633,3969.0706434713243,6851.170838272387,3002.906966947159,1319.1006941619619,4302.705964556048,8382.626141217643,2212.643688727811,2594.642433512782,4099.382676932214
2389.178872726752,1377.8442260256065,956.4909470432248,2487.4854543467736,7887.233445518741,1255.7348901274386,6765.24078718908,10917.826423973587,377.95566833044586,646.6555726930366,613.5138288475241
6382.185462358241,2453.5751001092917,6440.821878504385,7650.526152599331,3843.5373947719017,4308.497507277004,4033.969402583454,14700.832838195385,1085.9322855651908,1727.0391235270974,844.2809999456649
